protein,residue,protein_contact_with_lipid,lipid_contact_with_lipid,ratio_with_lipid,target_lipid_contact,protein_contact_without_lipid,lipid_contact_without_lipid,ratio_without_lipid,protein_contact_diff,lipid_contact_diff,ratio_diff
Protein_4,621,0.0,1.8977272727272727,10.0,1.1420454545454546,0.7218543046357616,1.050251256281407,1.454935226591674,-0.7218543046357616,0.8474760164458657,8.545064773408326
Protein_4,621,0.0,1.8977272727272727,10.0,1.1420454545454546,0.7218543046357616,1.050251256281407,1.454935226591674,-0.7218543046357616,0.8474760164458657,8.545064773408326
Protein_4,622,0.0,2.721590909090909,10.0,1.5340909090909092,0.119205298013245,1.9195979899497488,10.0,-0.119205298013245,0.8019929191411603,0.0
Protein_4,622,0.0,2.721590909090909,10.0,1.5340909090909092,0.119205298013245,1.9195979899497488,10.0,-0.119205298013245,0.8019929191411603,0.0
Protein_4,623,0.0,2.278409090909091,10.0,1.0965909090909092,0.1125827814569536,1.2964824120603016,10.0,-0.1125827814569536,0.9819266788487893,0.0
Protein_4,623,0.0,2.278409090909091,10.0,1.0965909090909092,0.1125827814569536,1.2964824120603016,10.0,-0.1125827814569536,0.9819266788487893,0.0
Protein_4,624,0.0,3.215909090909091,10.0,1.3238636363636365,3.2582781456953644,1.71356783919598,0.5259120807288475,-3.2582781456953644,1.5023412517131107,9.474087919271152
Protein_4,624,0.0,3.215909090909091,10.0,1.3238636363636365,3.2582781456953644,1.71356783919598,0.5259120807288475,-3.2582781456953644,1.5023412517131107,9.474087919271152
Protein_4,625,0.0,2.5454545454545454,10.0,1.431818181818182,2.006622516556291,1.8442211055276383,0.9190672836127836,-2.006622516556291,0.7012334399269071,9.080932716387217
Protein_4,625,0.0,2.5454545454545454,10.0,1.431818181818182,2.006622516556291,1.8442211055276383,0.9190672836127836,-2.006622516556291,0.7012334399269071,9.080932716387217
Protein_4,626,0.0,3.903409090909091,10.0,1.755681818181818,0.2649006622516556,2.6080402010050254,9.84535175879397,-0.2649006622516556,1.2953688899040654,0.15464824120602927
Protein_4,626,0.0,3.903409090909091,10.0,1.755681818181818,0.2649006622516556,2.6080402010050254,9.84535175879397,-0.2649006622516556,1.2953688899040654,0.15464824120602927
Protein_4,627,0.0,3.8125,10.0,1.318181818181818,0.3708609271523179,2.3266331658291457,6.273600143575018,-0.3708609271523179,1.4858668341708543,3.7263998564249823
Protein_4,627,0.0,3.8125,10.0,1.318181818181818,0.3708609271523179,2.3266331658291457,6.273600143575018,-0.3708609271523179,1.4858668341708543,3.7263998564249823
Protein_4,628,0.0,3.1363636363636367,10.0,1.3920454545454546,2.7682119205298013,2.21608040201005,0.8005457911567405,-2.7682119205298013,0.9202832343535867,9.19945420884326
Protein_4,628,0.0,3.1363636363636367,10.0,1.3920454545454546,2.7682119205298013,2.21608040201005,0.8005457911567405,-2.7682119205298013,0.9202832343535867,9.19945420884326
Protein_4,629,0.0,3.090909090909091,10.0,1.5,1.6754966887417218,2.3668341708542715,1.412616441893261,-1.6754966887417218,0.7240749200548193,8.587383558106739
Protein_4,629,0.0,3.090909090909091,10.0,1.5,1.6754966887417218,2.3668341708542715,1.412616441893261,-1.6754966887417218,0.7240749200548193,8.587383558106739
Protein_4,630,0.0,4.005681818181818,10.0,1.375,0.0529801324503311,2.798994974874372,10.0,-0.0529801324503311,1.2066868433074465,0.0
Protein_4,630,0.0,4.005681818181818,10.0,1.375,0.0529801324503311,2.798994974874372,10.0,-0.0529801324503311,1.2066868433074465,0.0
Protein_4,631,0.0,3.6875,10.0,1.0170454545454546,0.23841059602649,2.8040201005025125,10.0,-0.23841059602649,0.8834798994974875,0.0
Protein_4,631,0.0,3.6875,10.0,1.0170454545454546,0.23841059602649,2.8040201005025125,10.0,-0.23841059602649,0.8834798994974875,0.0
Protein_4,632,0.0,3.028409090909091,10.0,1.1761363636363635,1.8874172185430464,2.57286432160804,1.363166710746716,-1.8874172185430464,0.45554476930105103,8.636833289253284
Protein_4,632,0.0,3.028409090909091,10.0,1.1761363636363635,1.8874172185430464,2.57286432160804,1.363166710746716,-1.8874172185430464,0.45554476930105103,8.636833289253284
Protein_4,633,0.0,2.778409090909091,10.0,1.125,0.933774834437086,2.402010050251256,2.572365372964111,-0.933774834437086,0.376399040657835,7.427634627035889
Protein_4,633,0.0,2.778409090909091,10.0,1.125,0.933774834437086,2.402010050251256,2.572365372964111,-0.933774834437086,0.376399040657835,7.427634627035889
Protein_4,634,0.0,2.022727272727273,10.0,0.5965909090909091,0.0,2.5477386934673367,10.0,0.0,-0.5250114207400638,0.0
Protein_4,634,0.0,2.022727272727273,10.0,0.5965909090909091,0.0,2.5477386934673367,10.0,0.0,-0.5250114207400638,0.0
Protein_4,635,0.0,1.5568181818181817,10.0,0.4034090909090909,0.0,2.1909547738693465,10.0,0.0,-0.6341365920511648,0.0
Protein_4,635,0.0,1.5568181818181817,10.0,0.4034090909090909,0.0,2.1909547738693465,10.0,0.0,-0.6341365920511648,0.0
Protein_4,636,0.0,0.9659090909090908,9.659090909090908,0.375,0.23841059602649,1.6331658291457287,6.850223338916806,-0.23841059602649,-0.6672567382366379,2.808867570174102
Protein_4,636,0.0,0.9659090909090908,9.659090909090908,0.375,0.23841059602649,1.6331658291457287,6.850223338916806,-0.23841059602649,-0.6672567382366379,2.808867570174102
Protein_4,637,0.0,0.3125,3.125,0.1022727272727272,0.0,1.2361809045226129,10.0,0.0,-0.9236809045226129,-6.875
Protein_4,637,0.0,0.3125,3.125,0.1022727272727272,0.0,1.2361809045226129,10.0,0.0,-0.9236809045226129,-6.875
Protein_4,638,0.0,0.2215909090909091,2.215909090909091,0.0284090909090909,0.0,1.5226130653266332,10.0,0.0,-1.301022156235724,-7.784090909090909
Protein_4,638,0.0,0.2215909090909091,2.215909090909091,0.0284090909090909,0.0,1.5226130653266332,10.0,0.0,-1.301022156235724,-7.784090909090909
Protein_4,639,0.0,0.0681818181818181,0.6818181818181818,0.0056818181818181,0.0,0.7939698492462312,7.939698492462311,0.0,-0.725788031064413,-7.257880310644129
Protein_4,639,0.0,0.0681818181818181,0.6818181818181818,0.0056818181818181,0.0,0.7939698492462312,7.939698492462311,0.0,-0.725788031064413,-7.257880310644129
Protein_4,640,0.0,0.0738636363636363,0.7386363636363636,0.0227272727272727,0.0,0.6331658291457287,6.331658291457287,0.0,-0.5593021927820925,-5.5930219278209234
Protein_4,640,0.0,0.0738636363636363,0.7386363636363636,0.0227272727272727,0.0,0.6331658291457287,6.331658291457287,0.0,-0.5593021927820925,-5.5930219278209234
Protein_4,641,0.0,0.0056818181818181,0.0,0.0,0.0,0.4020100502512562,4.0201005025125625,0.0,-0.39632823206943807,-4.0201005025125625
Protein_4,641,0.0,0.0056818181818181,0.0,0.0,0.0,0.4020100502512562,4.0201005025125625,0.0,-0.39632823206943807,-4.0201005025125625
Protein_4,642,0.0,0.0056818181818181,0.0,0.0,0.0,0.5326633165829145,5.326633165829145,0.0,-0.5269814984010964,-5.326633165829145
Protein_4,642,0.0,0.0056818181818181,0.0,0.0,0.0,0.5326633165829145,5.326633165829145,0.0,-0.5269814984010964,-5.326633165829145
Protein_4,643,0.0,0.0,0.0,0.0,0.0,0.2412060301507537,2.4120603015075375,0.0,-0.2412060301507537,-2.4120603015075375
Protein_4,643,0.0,0.0,0.0,0.0,0.0,0.2412060301507537,2.4120603015075375,0.0,-0.2412060301507537,-2.4120603015075375
Protein_4,644,0.0,0.0,0.0,0.0,0.0,0.1658291457286432,1.6582914572864322,0.0,-0.1658291457286432,-1.6582914572864322
Protein_4,644,0.0,0.0,0.0,0.0,0.0,0.1658291457286432,1.6582914572864322,0.0,-0.1658291457286432,-1.6582914572864322
Protein_4,645,0.0,0.0,0.0,0.0,0.0,0.0904522613065326,0.9045226130653264,0.0,-0.0904522613065326,-0.9045226130653264
Protein_4,645,0.0,0.0,0.0,0.0,0.0,0.0904522613065326,0.9045226130653264,0.0,-0.0904522613065326,-0.9045226130653264
Protein_4,646,0.0,0.0,0.0,0.0,0.0,0.050251256281407,0.5025125628140703,0.0,-0.050251256281407,-0.5025125628140703
Protein_4,646,0.0,0.0,0.0,0.0,0.0,0.050251256281407,0.5025125628140703,0.0,-0.050251256281407,-0.5025125628140703
Protein_4,647,0.0,0.0,0.0,0.0,0.0,0.0100502512562814,0.100502512562814,0.0,-0.0100502512562814,-0.100502512562814
Protein_4,647,0.0,0.0,0.0,0.0,0.0,0.0100502512562814,0.100502512562814,0.0,-0.0100502512562814,-0.100502512562814
Protein_4,648,0.0,0.0,0.0,0.0,0.0,0.0251256281407035,0.2512562814070351,0.0,-0.0251256281407035,-0.2512562814070351
Protein_4,648,0.0,0.0,0.0,0.0,0.0,0.0251256281407035,0.2512562814070351,0.0,-0.0251256281407035,-0.2512562814070351
Protein_4,649,0.0,0.0,0.0,0.0,0.0,0.0050251256281407,0.0,0.0,-0.0050251256281407,0.0
Protein_4,649,0.0,0.0,0.0,0.0,0.0,0.0050251256281407,0.0,0.0,-0.0050251256281407,0.0
Protein_4,650,0.0,0.0,0.0,0.0,0.0,0.0,0.0,0.0,0.0,0.0
Protein_4,650,0.0,0.0,0.0,0.0,0.0,0.0,0.0,0.0,0.0,0.0
Protein_4,651,0.0,0.0,0.0,0.0,0.0,0.0,0.0,0.0,0.0,0.0
Protein_4,651,0.0,0.0,0.0,0.0,0.0,0.0,0.0,0.0,0.0,0.0
Protein_4,652,0.0,0.0,0.0,0.0,0.0,0.0,0.0,0.0,0.0,0.0
Protein_4,652,0.0,0.0,0.0,0.0,0.0,0.0,0.0,0.0,0.0,0.0
Protein_4,653,0.0,0.0,0.0,0.0,0.0198675496688741,0.0,0.0,-0.0198675496688741,0.0,0.0
Protein_4,653,0.0,0.0,0.0,0.0,0.0198675496688741,0.0,0.0,-0.0198675496688741,0.0,0.0
Protein_4,654,0.0,0.0,0.0,0.0,0.0,0.0,0.0,0.0,0.0,0.0
Protein_4,654,0.0,0.0,0.0,0.0,0.0,0.0,0.0,0.0,0.0,0.0
Protein_4,655,0.0,0.0,0.0,0.0,0.0,0.0351758793969849,0.3517587939698492,0.0,-0.0351758793969849,-0.3517587939698492
Protein_4,655,0.0,0.0,0.0,0.0,0.0,0.0351758793969849,0.3517587939698492,0.0,-0.0351758793969849,-0.3517587939698492
Protein_4,656,0.0,0.0,0.0,0.0,0.0662251655629139,0.0402010050251256,0.6070351758793969,-0.0662251655629139,-0.0402010050251256,-0.6070351758793969
Protein_4,656,0.0,0.0,0.0,0.0,0.0662251655629139,0.0402010050251256,0.6070351758793969,-0.0662251655629139,-0.0402010050251256,-0.6070351758793969
Protein_4,657,0.0,0.0,0.0,0.0,0.23841059602649,0.0050251256281407,0.0210776102735901,-0.23841059602649,-0.0050251256281407,-0.0210776102735901
Protein_4,657,0.0,0.0,0.0,0.0,0.23841059602649,0.0050251256281407,0.0210776102735901,-0.23841059602649,-0.0050251256281407,-0.0210776102735901
Protein_4,658,0.0,0.0,0.0,0.0,0.1589403973509933,0.0552763819095477,0.3477805695142378,-0.1589403973509933,-0.0552763819095477,-0.3477805695142378
Protein_4,658,0.0,0.0,0.0,0.0,0.1589403973509933,0.0552763819095477,0.3477805695142378,-0.1589403973509933,-0.0552763819095477,-0.3477805695142378
Protein_4,659,0.0,0.0,0.0,0.0,0.1920529801324503,0.0201005025125628,0.1046612372205856,-0.1920529801324503,-0.0201005025125628,-0.1046612372205856
Protein_4,659,0.0,0.0,0.0,0.0,0.1920529801324503,0.0201005025125628,0.1046612372205856,-0.1920529801324503,-0.0201005025125628,-0.1046612372205856
Protein_3,621,0.0,3.6193181818181817,10.0,0.2386363636363636,0.0,2.7386934673366836,10.0,0.0,0.880624714481498,0.0
Protein_3,622,0.0,3.5056818181818183,10.0,0.2556818181818182,0.0,3.2311557788944723,10.0,0.0,0.2745260392873461,0.0
Protein_3,623,0.0,2.926136363636364,10.0,0.0795454545454545,0.0,2.5929648241206027,10.0,0.0,0.3331715395157615,0.0
Protein_3,624,0.0,4.153409090909092,10.0,0.0454545454545454,0.0,3.437185929648241,10.0,0.0,0.7162231612608507,0.0
Protein_3,625,0.0,3.1079545454545454,10.0,0.0511363636363636,0.0,2.507537688442211,10.0,0.0,0.6004168570123345,0.0
Protein_3,626,0.0,3.409090909090909,10.0,0.0909090909090909,0.0,2.9396984924623117,10.0,0.0,0.46939241662859743,0.0
Protein_3,627,0.0,3.6363636363636367,10.0,0.0056818181818181,0.0,2.3417085427135675,10.0,0.0,1.2946550936500691,0.0
Protein_3,628,0.0,2.9375,10.0,0.0,0.0,1.798994974874372,10.0,0.0,1.138505025125628,0.0
Protein_3,629,0.0,2.3977272727272725,10.0,0.0,0.0,1.3316582914572863,10.0,0.0,1.0660689812699862,0.0
Protein_3,630,0.0,2.2613636363636367,10.0,0.0,0.0,1.2211055276381908,10.0,0.0,1.0402581087254459,0.0
Protein_3,631,0.0,2.1931818181818183,10.0,0.0,0.0,0.8693467336683416,8.693467336683415,0.0,1.3238350845134768,1.3065326633165846
Protein_3,632,0.0,1.7897727272727273,10.0,0.0,0.0,0.6934673366834171,6.93467336683417,0.0,1.0963053905893103,3.0653266331658298
Protein_3,633,0.0,0.9545454545454544,9.545454545454543,0.0,0.0,0.2814070351758794,2.8140703517587937,0.0,0.673138419369575,6.7313841936957495
Protein_3,634,0.0,0.7159090909090909,7.159090909090909,0.0,0.0,0.1306532663316583,1.306532663316583,0.0,0.5852558245774326,5.852558245774326
Protein_3,635,0.0,0.4886363636363636,4.886363636363636,0.0,0.0,0.0402010050251256,0.4020100502512562,0.0,0.448435358611238,4.4843535861123796
Protein_3,636,0.0,0.2159090909090909,2.159090909090909,0.0,0.0,0.0150753768844221,0.1507537688442211,0.0,0.20083371402466882,2.008337140246688
Protein_3,637,0.0,0.0738636363636363,0.7386363636363636,0.0,0.0,0.0,0.0,0.0,0.0738636363636363,0.7386363636363636
Protein_3,638,0.0,0.0738636363636363,0.7386363636363636,0.0,0.0,0.0,0.0,0.0,0.0738636363636363,0.7386363636363636
Protein_3,639,0.0,0.0,0.0,0.0,0.0,0.0,0.0,0.0,0.0,0.0
Protein_3,640,0.0,0.0056818181818181,0.0,0.0,0.0,0.0,0.0,0.0,0.0056818181818181,0.0
Protein_3,641,0.0,0.0,0.0,0.0,0.0,0.0,0.0,0.0,0.0,0.0
Protein_3,642,0.0,0.0,0.0,0.0,0.0,0.0,0.0,0.0,0.0,0.0
Protein_3,643,0.0,0.0,0.0,0.0,0.0,0.0,0.0,0.0,0.0,0.0
Protein_3,644,0.0,0.0,0.0,0.0,0.0,0.0,0.0,0.0,0.0,0.0
Protein_3,645,0.0,0.0,0.0,0.0,0.0,0.0,0.0,0.0,0.0,0.0
Protein_3,646,0.0,0.0,0.0,0.0,0.0,0.0,0.0,0.0,0.0,0.0
Protein_3,647,0.0,0.0,0.0,0.0,0.0,0.0,0.0,0.0,0.0,0.0
Protein_3,648,0.0,0.0,0.0,0.0,0.0,0.0,0.0,0.0,0.0,0.0
Protein_3,649,0.0,0.0,0.0,0.0,0.0,0.0,0.0,0.0,0.0,0.0
Protein_3,650,0.0,0.0,0.0,0.0,0.0,0.0,0.0,0.0,0.0,0.0
Protein_3,651,0.0,0.0,0.0,0.0,0.0,0.0,0.0,0.0,0.0,0.0
Protein_3,652,0.0,0.0,0.0,0.0,0.0,0.0,0.0,0.0,0.0,0.0
Protein_3,653,0.0,0.0,0.0,0.0,0.0,0.0,0.0,0.0,0.0,0.0
Protein_3,654,0.0,0.0,0.0,0.0,0.0,0.0,0.0,0.0,0.0,0.0
Protein_3,655,0.0,0.0,0.0,0.0,0.0,0.0,0.0,0.0,0.0,0.0
Protein_3,656,0.0,0.0,0.0,0.0,0.0,0.0,0.0,0.0,0.0,0.0
Protein_3,657,0.0,0.0,0.0,0.0,0.0,0.0,0.0,0.0,0.0,0.0
Protein_3,658,0.0,0.0,0.0,0.0,0.0,0.0,0.0,0.0,0.0,0.0
Protein_3,659,0.0,0.0,0.0,0.0,0.0,0.0,0.0,0.0,0.0,0.0
Protein_1,621,0.0,2.568181818181818,10.0,0.1988636363636363,0.7284768211920529,1.0251256281407035,1.4072179077204203,-0.7284768211920529,1.5430561900411144,8.59278209227958
Protein_1,621,0.0,2.568181818181818,10.0,0.1988636363636363,0.7284768211920529,1.0251256281407035,1.4072179077204203,-0.7284768211920529,1.5430561900411144,8.59278209227958
Protein_1,622,0.0,3.1193181818181817,10.0,0.3465909090909091,0.1854304635761589,1.678391959798995,9.051328068916009,-0.1854304635761589,1.4409262220191867,0.9486719310839913
Protein_1,622,0.0,3.1193181818181817,10.0,0.3465909090909091,0.1854304635761589,1.678391959798995,9.051328068916009,-0.1854304635761589,1.4409262220191867,0.9486719310839913
Protein_1,623,0.0,2.7159090909090913,10.0,0.1477272727272727,0.0331125827814569,1.321608040201005,10.0,-0.0331125827814569,1.3943010507080862,0.0
Protein_1,623,0.0,2.7159090909090913,10.0,0.1477272727272727,0.0331125827814569,1.321608040201005,10.0,-0.0331125827814569,1.3943010507080862,0.0
Protein_1,624,0.0,3.6875,10.0,0.1534090909090909,2.019867549668874,1.5678391959798996,0.7762089134195569,-2.019867549668874,2.1196608040201004,9.223791086580443
Protein_1,624,0.0,3.6875,10.0,0.1534090909090909,2.019867549668874,1.5678391959798996,0.7762089134195569,-2.019867549668874,2.1196608040201004,9.223791086580443
Protein_1,625,0.0,2.7670454545454546,10.0,0.2159090909090909,2.410596026490066,1.71356783919598,0.7108481970291016,-2.410596026490066,1.0534776153494745,9.289151802970899
Protein_1,625,0.0,2.7670454545454546,10.0,0.2159090909090909,2.410596026490066,1.71356783919598,0.7108481970291016,-2.410596026490066,1.0534776153494745,9.289151802970899
Protein_1,626,0.0,3.4431818181818183,10.0,0.2784090909090909,1.3311258278145697,2.472361809045226,1.8573464336608416,-1.3311258278145697,0.9708200091365922,8.142653566339158
Protein_1,626,0.0,3.4431818181818183,10.0,0.2784090909090909,1.3311258278145697,2.472361809045226,1.8573464336608416,-1.3311258278145697,0.9708200091365922,8.142653566339158
Protein_1,627,0.0,3.130681818181818,10.0,0.0284090909090909,0.2185430463576159,2.371859296482412,10.0,-0.2185430463576159,0.7588225216994058,0.0
Protein_1,627,0.0,3.130681818181818,10.0,0.0284090909090909,0.2185430463576159,2.371859296482412,10.0,-0.2185430463576159,0.7588225216994058,0.0
Protein_1,628,0.0,2.6704545454545454,10.0,0.0454545454545454,2.2119205298013247,2.1256281407035176,0.9609875725935064,-2.2119205298013247,0.5448264047510278,9.039012427406494
Protein_1,628,0.0,2.6704545454545454,10.0,0.0454545454545454,2.2119205298013247,2.1256281407035176,0.9609875725935064,-2.2119205298013247,0.5448264047510278,9.039012427406494
Protein_1,629,0.0,2.1875,10.0,0.0738636363636363,2.3443708609271523,2.306532663316583,0.9838599778553786,-2.3443708609271523,-0.1190326633165828,9.016140022144622
Protein_1,629,0.0,2.1875,10.0,0.0738636363636363,2.3443708609271523,2.306532663316583,0.9838599778553786,-2.3443708609271523,-0.1190326633165828,9.016140022144622
Protein_1,630,0.0,2.238636363636364,10.0,0.034090909090909,0.1854304635761589,2.597989949748744,10.0,-0.1854304635761589,-0.35935358611238,0.0
Protein_1,630,0.0,2.238636363636364,10.0,0.034090909090909,0.1854304635761589,2.597989949748744,10.0,-0.1854304635761589,-0.35935358611238,0.0
Protein_1,631,0.0,2.3068181818181817,10.0,0.0056818181818181,0.0,2.7185929648241203,10.0,0.0,-0.4117747830059386,0.0
Protein_1,631,0.0,2.3068181818181817,10.0,0.0056818181818181,0.0,2.7185929648241203,10.0,0.0,-0.4117747830059386,0.0
Protein_1,632,0.0,2.164772727272727,10.0,0.034090909090909,1.4701986754966887,2.7336683417085426,1.8593870252161708,-1.4701986754966887,-0.5688956144358155,8.14061297478383
Protein_1,632,0.0,2.164772727272727,10.0,0.034090909090909,1.4701986754966887,2.7336683417085426,1.8593870252161708,-1.4701986754966887,-0.5688956144358155,8.14061297478383
Protein_1,633,0.0,1.255681818181818,10.0,0.0227272727272727,1.2450331125827814,2.150753768844221,1.727467122848284,-1.2450331125827814,-0.8950719506624032,8.272532877151717
Protein_1,633,0.0,1.255681818181818,10.0,0.0227272727272727,1.2450331125827814,2.150753768844221,1.727467122848284,-1.2450331125827814,-0.8950719506624032,8.272532877151717
Protein_1,634,0.0,0.8863636363636365,8.863636363636363,0.0,0.0,2.0452261306532664,10.0,0.0,-1.15886249428963,-1.1363636363636367
Protein_1,634,0.0,0.8863636363636365,8.863636363636363,0.0,0.0,2.0452261306532664,10.0,0.0,-1.15886249428963,-1.1363636363636367
Protein_1,635,0.0,0.8693181818181818,8.693181818181817,0.0,0.0,2.0452261306532664,10.0,0.0,-1.1759079488350848,-1.3068181818181834
Protein_1,635,0.0,0.8693181818181818,8.693181818181817,0.0,0.0,2.0452261306532664,10.0,0.0,-1.1759079488350848,-1.3068181818181834
Protein_1,636,0.0,0.5568181818181818,5.5681818181818175,0.0056818181818181,0.2649006622516556,1.743718592964824,6.58253768844221,-0.2649006622516556,-1.1869004111466421,-1.0143558702603928
Protein_1,636,0.0,0.5568181818181818,5.5681818181818175,0.0056818181818181,0.2649006622516556,1.743718592964824,6.58253768844221,-0.2649006622516556,-1.1869004111466421,-1.0143558702603928
Protein_1,637,0.0,0.1590909090909091,1.5909090909090908,0.0,0.0,1.0552763819095476,10.0,0.0,-0.8961854728186386,-8.40909090909091
Protein_1,637,0.0,0.1590909090909091,1.5909090909090908,0.0,0.0,1.0552763819095476,10.0,0.0,-0.8961854728186386,-8.40909090909091
Protein_1,638,0.0,0.2045454545454545,2.045454545454545,0.0,0.0,1.2110552763819096,10.0,0.0,-1.006509821836455,-7.954545454545455
Protein_1,638,0.0,0.2045454545454545,2.045454545454545,0.0,0.0,1.2110552763819096,10.0,0.0,-1.006509821836455,-7.954545454545455
Protein_1,639,0.0,0.0568181818181818,0.5681818181818182,0.0,0.0,0.8090452261306533,8.090452261306533,0.0,-0.7522270443124716,-7.5222704431247145
Protein_1,639,0.0,0.0568181818181818,0.5681818181818182,0.0,0.0,0.8090452261306533,8.090452261306533,0.0,-0.7522270443124716,-7.5222704431247145
Protein_1,640,0.0,0.034090909090909,0.3409090909090909,0.0,0.0066225165562913,0.8241206030150754,8.241206030150753,-0.0066225165562913,-0.7900296939241664,-7.900296939241662
Protein_1,640,0.0,0.034090909090909,0.3409090909090909,0.0,0.0066225165562913,0.8241206030150754,8.241206030150753,-0.0066225165562913,-0.7900296939241664,-7.900296939241662
Protein_1,641,0.0,0.0056818181818181,0.0,0.0,0.0,0.3115577889447236,3.1155778894472363,0.0,-0.30587597076290546,-3.1155778894472363
Protein_1,641,0.0,0.0056818181818181,0.0,0.0,0.0,0.3115577889447236,3.1155778894472363,0.0,-0.30587597076290546,-3.1155778894472363
Protein_1,642,0.0,0.0056818181818181,0.0,0.0,0.0,0.422110552763819,4.22110552763819,0.0,-0.41642873458200086,-4.22110552763819
Protein_1,642,0.0,0.0056818181818181,0.0,0.0,0.0,0.422110552763819,4.22110552763819,0.0,-0.41642873458200086,-4.22110552763819
Protein_1,643,0.0,0.0,0.0,0.0,0.0,0.542713567839196,5.427135678391959,0.0,-0.542713567839196,-5.427135678391959
Protein_1,643,0.0,0.0,0.0,0.0,0.0,0.542713567839196,5.427135678391959,0.0,-0.542713567839196,-5.427135678391959
Protein_1,644,0.0,0.0,0.0,0.0,0.0794701986754966,0.1457286432160804,1.8337520938023453,-0.0794701986754966,-0.1457286432160804,-1.8337520938023453
Protein_1,644,0.0,0.0,0.0,0.0,0.0794701986754966,0.1457286432160804,1.8337520938023453,-0.0794701986754966,-0.1457286432160804,-1.8337520938023453
Protein_1,645,0.0,0.0,0.0,0.0,0.0728476821192053,0.0150753768844221,0.2069438099588853,-0.0728476821192053,-0.0150753768844221,-0.2069438099588853
Protein_1,645,0.0,0.0,0.0,0.0,0.0728476821192053,0.0150753768844221,0.2069438099588853,-0.0728476821192053,-0.0150753768844221,-0.2069438099588853
Protein_1,646,0.0,0.0,0.0,0.0,0.0,0.0753768844221105,0.7537688442211056,0.0,-0.0753768844221105,-0.7537688442211056
Protein_1,646,0.0,0.0,0.0,0.0,0.0,0.0753768844221105,0.7537688442211056,0.0,-0.0753768844221105,-0.7537688442211056
Protein_1,647,0.0,0.0,0.0,0.0,0.0,0.0854271356783919,0.8542713567839195,0.0,-0.0854271356783919,-0.8542713567839195
Protein_1,647,0.0,0.0,0.0,0.0,0.0,0.0854271356783919,0.8542713567839195,0.0,-0.0854271356783919,-0.8542713567839195
Protein_1,648,0.0,0.0,0.0,0.0,0.4701986754966887,0.0050251256281407,0.0106872390119612,-0.4701986754966887,-0.0050251256281407,-0.0106872390119612
Protein_1,648,0.0,0.0,0.0,0.0,0.4701986754966887,0.0050251256281407,0.0106872390119612,-0.4701986754966887,-0.0050251256281407,-0.0106872390119612
Protein_1,649,0.0,0.0,0.0,0.0,0.0066225165562913,0.0,0.0,-0.0066225165562913,0.0,0.0
Protein_1,649,0.0,0.0,0.0,0.0,0.0066225165562913,0.0,0.0,-0.0066225165562913,0.0,0.0
Protein_1,650,0.0,0.0,0.0,0.0,0.0,0.0,0.0,0.0,0.0,0.0
Protein_1,650,0.0,0.0,0.0,0.0,0.0,0.0,0.0,0.0,0.0,0.0
Protein_1,651,0.0,0.0,0.0,0.0,0.0,0.0050251256281407,0.0,0.0,-0.0050251256281407,0.0
Protein_1,651,0.0,0.0,0.0,0.0,0.0,0.0050251256281407,0.0,0.0,-0.0050251256281407,0.0
Protein_1,652,0.0,0.0,0.0,0.0,0.0066225165562913,0.0301507537688442,0.3015075376884422,-0.0066225165562913,-0.0301507537688442,-0.3015075376884422
Protein_1,652,0.0,0.0,0.0,0.0,0.0066225165562913,0.0301507537688442,0.3015075376884422,-0.0066225165562913,-0.0301507537688442,-0.3015075376884422
Protein_1,653,0.0,0.0,0.0,0.0,0.0,0.0452261306532663,0.4522613065326633,0.0,-0.0452261306532663,-0.4522613065326633
Protein_1,653,0.0,0.0,0.0,0.0,0.0,0.0452261306532663,0.4522613065326633,0.0,-0.0452261306532663,-0.4522613065326633
Protein_1,654,0.0,0.0,0.0,0.0,0.0132450331125827,0.0904522613065326,6.8291457286432165,-0.0132450331125827,-0.0904522613065326,-6.8291457286432165
Protein_1,654,0.0,0.0,0.0,0.0,0.0132450331125827,0.0904522613065326,6.8291457286432165,-0.0132450331125827,-0.0904522613065326,-6.8291457286432165
Protein_1,655,0.0,0.0,0.0,0.0,0.0,0.2110552763819095,2.110552763819095,0.0,-0.2110552763819095,-2.110552763819095
Protein_1,655,0.0,0.0,0.0,0.0,0.0,0.2110552763819095,2.110552763819095,0.0,-0.2110552763819095,-2.110552763819095
Protein_1,656,0.0,0.0,0.0,0.0,0.0198675496688741,0.1758793969849246,8.852596314907872,-0.0198675496688741,-0.1758793969849246,-8.852596314907872
Protein_1,656,0.0,0.0,0.0,0.0,0.0198675496688741,0.1758793969849246,8.852596314907872,-0.0198675496688741,-0.1758793969849246,-8.852596314907872
Protein_1,657,0.0,0.0,0.0,0.0,0.0,0.1959798994974874,1.9597989949748744,0.0,-0.1959798994974874,-1.9597989949748744
Protein_1,657,0.0,0.0,0.0,0.0,0.0,0.1959798994974874,1.9597989949748744,0.0,-0.1959798994974874,-1.9597989949748744
Protein_1,658,0.0,0.0,0.0,0.0,0.0,0.3969849246231156,3.969849246231155,0.0,-0.3969849246231156,-3.969849246231155
Protein_1,658,0.0,0.0,0.0,0.0,0.0,0.3969849246231156,3.969849246231155,0.0,-0.3969849246231156,-3.969849246231155
Protein_1,659,0.0,0.0,0.0,0.0,0.0,0.371859296482412,3.71859296482412,0.0,-0.371859296482412,-3.71859296482412
Protein_1,659,0.0,0.0,0.0,0.0,0.0,0.371859296482412,3.71859296482412,0.0,-0.371859296482412,-3.71859296482412
Protein_2,621,0.0,3.3409090909090913,10.0,0.3806818181818182,0.0,2.5879396984924625,10.0,0.0,0.7529693924166287,0.0
Protein_2,622,0.0,3.6875,10.0,0.3068181818181818,0.0,2.9648241206030153,10.0,0.0,0.7226758793969847,0.0
Protein_2,623,0.0,2.9318181818181817,10.0,0.2784090909090909,0.0,2.472361809045226,10.0,0.0,0.4594563727729555,0.0
Protein_2,624,0.0,3.829545454545454,10.0,0.4602272727272727,0.0,3.3467336683417086,10.0,0.0,0.48281178620374554,0.0
Protein_2,625,0.0,2.988636363636364,10.0,0.3863636363636363,0.0,2.743718592964824,10.0,0.0,0.2449177706715404,0.0
Protein_2,626,0.0,3.8181818181818175,10.0,0.3977272727272727,0.0,3.512562814070352,10.0,0.0,0.3056190041114655,0.0
Protein_2,627,0.0,3.5625,10.0,0.4090909090909091,0.0,3.1959798994974875,10.0,0.0,0.3665201005025125,0.0
Protein_2,628,0.0,2.6818181818181817,10.0,0.3522727272727273,0.0,2.628140703517588,10.0,0.0,0.05367747830059377,0.0
Protein_2,629,0.0,2.284090909090909,10.0,0.3068181818181818,0.0,2.678391959798995,10.0,0.0,-0.39430105070808574,0.0
Protein_2,630,0.0,2.5000000000000004,10.0,0.2386363636363636,0.0,3.020100502512563,10.0,0.0,-0.5201005025125625,0.0
Protein_2,631,0.0,2.573863636363636,10.0,0.2443181818181818,0.0,2.9447236180904524,10.0,0.0,-0.37085998172681656,0.0
Protein_2,632,0.0,1.5511363636363635,10.0,0.1647727272727272,0.0,2.7286432160804024,10.0,0.0,-1.1775068524440389,0.0
Protein_2,633,0.0,0.9886363636363636,9.886363636363637,0.0511363636363636,0.0,2.3819095477386933,10.0,0.0,-1.3932731841023296,-0.11363636363636331
Protein_2,634,0.0,0.9943181818181818,9.943181818181817,0.0454545454545454,0.0,2.040201005025126,10.0,0.0,-1.0458828232069441,-0.05681818181818343
Protein_2,635,0.0,0.8011363636363636,8.011363636363637,0.034090909090909,0.0,1.8241206030150752,10.0,0.0,-1.0229842393787116,-1.9886363636363633
Protein_2,636,0.0,0.3295454545454545,3.2954545454545445,0.0227272727272727,0.0,1.507537688442211,10.0,0.0,-1.1779922338967563,-6.704545454545455
Protein_2,637,0.0,0.1136363636363636,1.1363636363636362,0.0056818181818181,0.0,0.8894472361809045,8.894472361809044,0.0,-0.7758108725445408,-7.758108725445407
Protein_2,638,0.0,0.1647727272727272,1.6477272727272725,0.0056818181818181,0.0,0.8542713567839195,8.542713567839195,0.0,-0.6894986295111923,-6.894986295111923
Protein_2,639,0.0,0.0738636363636363,0.7386363636363635,0.0056818181818181,0.0,0.5125628140703518,5.125628140703517,0.0,-0.43869917770671546,-4.386991777067154
Protein_2,640,0.0,0.0284090909090909,0.284090909090909,0.0,0.0,0.5527638190954773,5.527638190954773,0.0,-0.5243547281863864,-5.243547281863864
Protein_2,641,0.0,0.0056818181818181,0.0,0.0,0.0,0.1909547738693467,1.9095477386934672,0.0,-0.1852729556875286,-1.9095477386934672
Protein_2,642,0.0,0.0056818181818181,0.0,0.0,0.0,0.1608040201005025,1.6080402010050248,0.0,-0.1551222019186844,-1.6080402010050248
Protein_2,643,0.0,0.0056818181818181,0.0,0.0,0.0,0.135678391959799,1.3567839195979898,0.0,-0.1299965737779809,-1.3567839195979898
Protein_2,644,0.0,0.0,0.0,0.0,0.0,0.1306532663316583,1.306532663316583,0.0,-0.1306532663316583,-1.306532663316583
Protein_2,645,0.0,0.0,0.0,0.0,0.0,0.0100502512562814,0.100502512562814,0.0,-0.0100502512562814,-0.100502512562814
Protein_2,646,0.0,0.0,0.0,0.0,0.0,0.0150753768844221,0.1507537688442211,0.0,-0.0150753768844221,-0.1507537688442211
Protein_2,647,0.0,0.0,0.0,0.0,0.0,0.0100502512562814,0.100502512562814,0.0,-0.0100502512562814,-0.100502512562814
Protein_2,648,0.0,0.0,0.0,0.0,0.0,0.0,0.0,0.0,0.0,0.0
Protein_2,649,0.0,0.0,0.0,0.0,0.0,0.0,0.0,0.0,0.0,0.0
Protein_2,650,0.0,0.0,0.0,0.0,0.0,0.0,0.0,0.0,0.0,0.0
Protein_2,651,0.0,0.0,0.0,0.0,0.0,0.0,0.0,0.0,0.0,0.0
Protein_2,652,0.0,0.0,0.0,0.0,0.0,0.0,0.0,0.0,0.0,0.0
Protein_2,653,0.0,0.0,0.0,0.0,0.0,0.0050251256281407,0.0,0.0,-0.0050251256281407,0.0
Protein_2,654,0.0,0.0,0.0,0.0,0.0,0.0050251256281407,0.0,0.0,-0.0050251256281407,0.0
Protein_2,655,0.0,0.0,0.0,0.0,0.0,0.0603015075376884,0.6030150753768844,0.0,-0.0603015075376884,-0.6030150753768844
Protein_2,656,0.0,0.0,0.0,0.0,0.0,0.0653266331658291,0.6532663316582915,0.0,-0.0653266331658291,-0.6532663316582915
Protein_2,657,0.0,0.0,0.0,0.0,0.0,0.0351758793969849,0.3517587939698492,0.0,-0.0351758793969849,-0.3517587939698492
Protein_2,658,0.0,0.0,0.0,0.0,0.0,0.1155778894472361,1.1557788944723617,0.0,-0.1155778894472361,-1.1557788944723617
Protein_2,659,0.0,0.0,0.0,0.0,0.0,0.0603015075376884,0.6030150753768844,0.0,-0.0603015075376884,-0.6030150753768844
